Variable,W Statistic,p-value
MSCI_INDUSTRY_ADJUSTED_ESG_SCORE,0.9430868691086819,2.928007096856674e-11
SP_FIN_LEVERAGE_RATIO_PERCENT,0.28642715432659893,1.65594927471964e-36
SP_FIN_DEBT_TO_EQUITY_RATIO_PERCENT,0.28642715432659893,1.65594927471964e-36
SP_FIN_RETURN_ON_ASSETS_ROA_PERCENT,0.9231113810505396,1.890408864479087e-13
SP_FIN_RETURN_ON_EQUITY_PERCENT,0.18123060779275524,2.5075092177551053e-38
SP_FIN_PE_LTM,0.4909067934484752,3.099315271744772e-32
SP_FIN_ENTERPRISE_VALUE_TO_ASSET,0.5757534533464252,4.811690801547686e-30
SP_TOBINQ_RATIO,0.19324124436999657,3.953820930937782e-38
